NAME,F1,F2,F3,F4
data/Example.wav,445.37545612546,1642.2395494712,2478.6549639366,3761.3720611662
